<?xml version="1.0" encoding="UTF-8"?>
<project-private xmlns="http://www.netbeans.org/ns/project-private/1">
    <editor-bookmarks xmlns="http://www.netbeans.org/ns/editor-bookmarks/2" lastBookmarkId="0"/>
    <open-files xmlns="http://www.netbeans.org/ns/projectui-open-files/2">
        <group>
            <file>file:/C:/Users/My%20-%20PC/Desktop/Library-Management-System-in-Java-master/src/RemoveMembers.java</file>
            <file>file:/C:/Users/My%20-%20PC/Desktop/Library-Management-System-in-Java-master/src/ListBorrowedBooks.java</file>
            <file>file:/C:/Users/My%20-%20PC/Desktop/Library-Management-System-in-Java-master/src/Main.java</file>
            <file>file:/C:/Users/My%20-%20PC/Desktop/Library-Management-System-in-Java-master/src/AddMembers.java</file>
        </group>
    </open-files>
</project-private>
